full_name,email,phone_number
Philippe Beaudoin,eric35@example.net,803-325-9178
Bertrand Marcotte,odettelauzon@example.com,873-718-5830
Cynthia Sosa,eric43@example.org,617-605-4916
Cassandra Davis,sdavis@example.com,196-991-9331
Yesenia Mcconnell,anna29@example.net,521-692-6997
Juliette Lefebvre,lmeza@example.org,790-191-0947
Julien Bergeron,Eugene@,959-578-5149
Jessica King,collinscarmen@example.org,151-357-4480
Robert Garcia,michael89@example.org,009-259-2939
Shawn Key DDS,udominguez@example.com,224-198-5821
Kaitlyn Norris,beginroger@example.org,891-438-0018
Regina,johnshepherd@example.org,750-029-2547
Alexandra Vaughn,desrosiersnoel@example.net,695-173-6853
Marc Hughes Jr.,baileytrevor@example.org,892-339-5559
Émilie Vaillancourt,jennifer26@example.com,687-722-8536
Karen Campbell,osmith@example.org,105-703-7235
Yves Desrosiers,clarkjohn@example.net,462-232-0801
Guy Lapointe,renaudsamuel@example.org,124-085-0488
Tina Glover,tthomas@example.com,767-327-0233
Gregg Chavez,gutierrezchristopher@example.com,173-224-5792
Jesse Walker,nlemieux@example.net,973-751-3917
Christine-Stéphanie Laplante,duchesnenicole@example.net,485-189-3108
Samantha Faulkner,lhoude@example.net,168-963-5575
Jonathan Welch,zwright@example.org,862-026-8910
Océane Tessier,ambersmith@example.org,898-924-7813
Hugues Vachon,urichard@example.org,756-361-0977
Stacy Young,angelicasmith@example.org,693-313-9787
Chelsea Murillo,sarah96@example.org,082-282-0402
Jonathan Young,bgill@example.net,370-336-3467
Nathan Savard,robertcarrillo@example.com,713-303-3328
Jacqueline-Patricia Jacques,thomas07@example.com,480-832-5389
Luis Cox DDS,martinedemers@example.net,290-748-4016
Julie Scott,laflammetristan@example.org,242-773-0695
Colette-Chantal Beauregard,deniseprovost@example.org,207-762-5990
Lucy Gélinas,leonard06@example.net,913-845-9041
Linda Smith,sarahpepin@example.org,719-036-3088
Brandy Mccann,marcus56@example.net,207-647-5303
Martin Girard,anouk05@example.com,802-153-0970
Luis Gibbs,jenniferglover@example.com,849-879-0898
Janice Wright,mwiley@example.com,231-159-5525
Wendy Thompson MD,benoitcharles@example.org,750-957-5151
Benjamin Blevins,tlapierre@example.org,322-801-8233
Helen Ross,susan01@example.net,700-062-8060
Susan Morse,karen12@example.org,688-721-7291
Matthew Lee,ortizalex@example.com,984-921-3509
Nicole Stewart,jodysullivan@example.net,532-525-9312
Élisabeth Pelletier,gwallace@example.net,217-789-7575
Lucy Richard,monique62@example.net,983-480-2547
Georges Forget,schneiderbrenda@example.net,307-845-8975
Tasha Nixon,tina28@example.net,948-344-8450
Marie-Frédérique Labbé,olivierdufour@example.net,642-186-7854
Jessica Garcia,jenniferperkins@example.org,555-062-6033
Stephanie Johnson,josephine32@example.net,462-750-5583
Jonathan Collins,kbrooks@example.org,988-260-6149
Arthur Bouchard,kwarner@example.com,285-436-0473
Lucas Bernard,uproulx@example.org,234-122-1504
Michel Béland,vrivera@example.org,288-257-4169
Cristian Griffith,hbooth@example.net,262-233-3389
Éric Pelletier,timotheearchambault@example.com,174-326-3553
Steven Rogers,nathanouellet@example.com,780-299-4802
Deanna Hughes,gwilson@example.org,751-869-2683
David Pierce,amber33@example.net,486-715-7397
James Barnes,timothy74@example.net,826-202-1417
Nicole Dufresne,steven19@example.com,981-144-2246
Ivan Fleming,jlabrecque@example.com,917-781-2757
Gloria Atkinson,douglas06@example.org,526-312-7406
Raphaël Grégoire,elizabeth08@example.org,071-751-3554
Manon Plante,blaisaudrey@example.net,611-044-9155
René-William Forget,Barbara@,759-731-8331
Josette,notanemail,123
Kelly Simmons,melissasmith@example.com,148-307-1591
Arthur,cyrlucy@example.org,732-550-9182
Molly Williams MD,michellechavez@example.org,211-836-6373
Colleen Burke,Charles,798-435-7766
Jason Landry,gabriella66@example.net,734-501-9072
Louis Giguère,katkinson@example.com,043-549-1511
Maria Vaughn,uaguirre@example.org,143-104-3547
Joseph Williams,christelle11@example.net,427-003-6955
Thomas Delisle-Bertrand,notanemail,863-260-8229
Robert Lepage,sanchezjames@example.net,883-013-8384
Christopher Jenkins,smithjennifer@example.org,926-161-6936
Océane Denis,nboutin@example.com,158-591-8968
Ryan Edwards,zthomas@example.org,831-398-9457
Samuel,notanemail,123
William Mathieu-Gervais,rlachance@example.com,060-951-6332
Jennifer Davis,penelope34@example.com,345-442-4977
Shannon Stephens,ndavis@example.org,237-549-6814
Mark Osborne,taylor46@example.com,733-367-8001
Alexis Hodge,monique36@example.net,804-878-5552
Craig Simmons,beauchampxavier@example.com,042-476-7735
Samuel Brown,rbernard@example.net,022-570-6098
Nathalie Laroche,wagneramy@example.org,885-174-8541
Travis Haley,henriette16@example.com,807-101-0408
Christopher Beck,constancegaudreault@example.org,484-021-9446
Mathilde Gilbert123,zburgess@example.net,866-055-2216
Tammy Daniels,garyhill@example.org,249-926-0364
Scott Williams,victorlalonde@example.org,098-168-3281
Darius Velasquez,David@,373-582-8766
Joyce Petersen,steven38@example.org,997-577-1581
Monique-Julie Brunet,letourneaujeannine@example.net,747-461-9614
Isabelle Paquette,stanleylinda@example.com,072-255-8644
Travis Walton,cking@example.com,232-228-8981
Jasmine Thomas,giguerelucie@example.org,583-401-5177
Brett Hines,fergusonjohn@example.com,442-438-0238
Michael Delgado,smithrichard@example.net,916-799-5728
Catherine Drouin-Dumont,shannongutierrez@example.com,899-895-9704
Joshua Wiley DDS,beatrice27@example.com,408-368-3016
Dawn Smith,michael73@example.com,146-613-6168
Laura Valenzuela,kellyrodgers@example.com,097-950-6320
Mary Moore,patricia54@example.net,295-348-7711
Brittany King,pelletierphilippe@example.net,100-324-0549
Jacques Bouchard,bthompson@example.net,617-097-7551
Lee Powers,gprovencher@example.com,010-278-7094
Lauren Williams,legaultrichard@example.com,462-180-2084
Mark,notanemail,123
Louis Lachance,denis81@example.com,694-970-8161
Olivia Rodriguez,steeledawn@example.org,231-248-4513
Emmanuelle Fréchette-Cyr,caroline78@example.com,515-830-1692
Megan,notanemail,123
Erin Robbins,davidjarvis@example.net,538-045-2117
Joseph Kennedy,lorrainelambert@example.net,620-355-9593
Kelly Kelly,ngiroux@example.net,086-051-8406
Randy Brooks,lewisstephanie@example.org,324-765-5389
Noémie Gingras,margaret49@example.net,429-793-6305
Wendy Adkins,lsullivan@example.net,712-973-5543
Louise Giroux-Blouin,vincent04@example.com,981-630-1867
Paul Reed,bernardleclerc@example.net,480-612-2868
Gérard-Roland Noël,kstout@example.org,319-606-0202
Julien St-Pierre-Vincent,susancarroll@example.com,794-820-0769
Bryan Soto,jwright@example.com,932-994-2876
Wanda Wall,debbie08@example.com,00000000000000
Alexander Avila,rsullivan@example.org,481-993-1914
Cynthia,notanemail,123
Kayla Maynard,josephsimpson@example.com,225-241-1473
Jason,jeannegelinas@example.com,851-477-0196
Rebecca Moore,xgervais@example.org,375-748-6286
Wendy Rodriguez,abeaudry@example.com,469-940-8053
Émile Roy,lmerritt@example.org,159-205-0823
Catherine Leblanc,alexandria59@example.org,433-669-0719
Alex Pilon,ogutierrez@example.net,359-580-0887
Melody Peters,anna13@example.com,042-420-6128
David Boudreau,olsonerica@example.org,008-323-3060
Andrew Griffith,manon83@example.net,493-262-6665
Cynthia Lewis,michael35@example.net,229-093-6410
Laurent Boutin,martintardif@example.net,253-589-4293
Alexandra,claire45@example.com,286-706-4524
Samantha Jefferson,cindyschmidt@example.org,270-100-9813
Jeanne Vaughan,Kevin@,137-891-1886
Marguerite-Céline Thériault,lisasmith@example.org,262-242-5405
Jacob Howard,notanemail,828-311-2039
Katherine Banks,nealapril@example.org,710-979-9969
Georges Champagne,henriette59@example.org,633-375-7320
Marianne Laroche,williamguerrero@example.org,922-679-0279
Théodore Lalonde-Harvey,caroneleonore@example.org,174-002-7674
Patricia Rose,martinandrea@example.com,820-195-9110
Diane Sims,brendangraham@example.net,134-857-3774
Jeremy Bowers,bretonanouk@example.net,833-459-9033
Charles Paradis,kevinbrooks@example.net,929-773-3614
Frédéric Martel,raymondjacqueline@example.org,039-792-8887
Marvin Howard,taylorpriscilla@example.com,142-849-8817
Jessica Shaw,stacy20@example.net,538-957-5403
Michael Barajas,cbelanger@example.org,653-570-2880
Simone,notanemail,123
Vincent Perreault,pagedenise@example.com,375-609-0467
Brandy Allen,martinezsally@example.net,532-408-2553
Sarah Hébert,david92@example.org,969-314-4567
Emmanuelle Boulanger,taylor12@example.org,00000000000000
Émilie-Pauline Bergeron,wpaquette@example.org,394-217-8454
Austin Tucker,lopezjessica@example.net,626-206-7520
Sarah Garcia,wjones@example.com,349-057-0271
Sergio Davis,erinhamilton@example.com,127-856-5541
William Mitchell,susan48@example.com,968-729-9073
Timothy Barnett,pfrechette@example.com,389-576-4782
James Byrd,paul60@example.com,864-273-7461
Wendy Underwood,daniel02@example.net,184-860-5101
Kari Barrera,mmorton@example.org,264-271-7713
Eric Dunn,ouelletdanielle@example.org,438-379-7339
Rachel Murray,ouelletelisabeth@example.net,086-993-8164
Jose Jones,ibennett@example.org,346-399-2587
Valerie Brock,susanjohnson@example.com,081-976-6325
Maria Ruiz,theodorerousseau@example.com,066-345-1892
Eric Williams,lorraine56@example.com,973-600-9997
Noémie Parent,maria49@example.org,839-765-3938
Kristin Castaneda,dawn39@example.net,381-905-0206
Tyrone Valdez,celina95@example.net,752-719-6913
Laura Gonzalez,genevievelarocque@example.net,399-455-7109
Mélanie Nadeau,notanemail,563-453-6319
Sara Mcpherson,brigittebeaudoin@example.com,388-939-7898
Jacqueline Hoover,chantalgrenier@example.org,037-321-3265
Jessica Vargas,klachance@example.net,390-395-0461
Richard,iberube@example.org,801-579-1662
Adam,notanemail,123
Hortense Maltais,terri20@example.org,273-216-4978
Rémy Marcoux,johnharrington@example.com,602-549-2551
Kimberly Turner123,hannah91@example.org,630-280-9697
Zoé Rodrigue,lucydelisle@example.net,144-916-9549
Jérôme Lévesque,michelle51@example.com,332-380-0122
Larry Potter,craig20@example.net,593-552-6841
Élisabeth Dion,esanchez@example.net,869-486-7369
Robert,notanemail,123
Jason Robertson,masonjohn@example.com,123
Nathan Vachon,jessica36@example.com,677-866-9198
Gabriel Brassard,jennifer51@example.net,519-124-3577
Rebecca Barnes,leduclaetitia@example.net,460-832-0551
Karen Davis,margaretclay@example.net,610-995-8110
Marguerite Boutin,henri97@example.org,714-354-1826
Lorraine-Zoé Labelle,michelle75@example.org,559-946-9684
Rachel Wilson,Mary,868-152-2996
David Medina,jeffrey17@example.net,142-189-8328
Mr. Darius Vazquez,mercermelinda@example.com,683-661-5717
Patrick Duval,krystalwilliams@example.org,616-073-6126
Timothy Ramsey,pdonovan@example.com,787-388-2921
David Snyder,yreed@example.net,209-697-1460
Gina Barrera,williamjean@example.net,834-349-7666
Julien Potvin-Lalonde,elizabeth58@example.org,700-390-7715
Jeremy Bates,orichard@example.com,986-821-9555
Gérard Larose-Lafontaine,notanemail,532-421-5477
Katrina Byrd,lukeward@example.org,512-468-8397
Robert Moore,mark45@example.com,019-778-2865
Steven Anderson,steinapril@example.org,029-393-4806
Noël Lacasse,bowersjessica@example.com,075-090-2932
Henry Hicks,pauline84@example.com,087-992-1544
Astrid Poirier,oliviajacques@example.org,494-469-6036
Jeff Davis,kbilodeau@example.org,081-994-4496
Theresa Molina,weeksjordan@example.org,815-182-1027
Arthur Pelletier,anouk41@example.net,679-612-7588
Céline Cyr,mgreen@example.org,280-077-2178
Monica Chan,michellelabrecque@example.com,274-711-6025
Jules Dubé-Smith,ithompson@example.org,249-049-4852
Michael Williams,maximegagnon@example.org,492-456-5147
Mary White,glopez@example.com,960-678-9896
Océane-Claire Guillemette,aaron61@example.org,092-640-4990
Samantha Little,michaelhughes@example.com,290-325-9173
Colette Bélanger,maudelarouche@example.com,672-116-5962
Mark Allen,sethfitzpatrick@example.net,213-913-4642
Austin,notanemail,123
Megan Aguirre,noemievachon@example.com,abcd-efg-hijk
Patrick Allen,brett60@example.net,458-338-1331
Stefanie Mendoza,johnnunez@example.com,869-366-6657
Raymond Poirier,katherine40@example.com,720-210-5869
Elizabeth,notanemail,123
Daisy Brown,coletterivard@example.org,993-184-7437
Christy Ho,mary28@example.com,392-529-0271
Maryse Labbé,mathildelevesque@example.org,480-671-3384
Adam Nichols,valerie94@example.org,145-991-2170
Adrian Logan,desjardinsnicole@example.net,991-212-6887
Joyce Hayes,larosefrancois@example.org,066-660-8976
Kirsten Castaneda,etiennesavard@example.org,006-646-5012
Brianna Hall,christopherreynolds@example.com,544-695-5886
Terry Goodwin,martinezgerald@example.com,869-341-8143
Miss Lisa Hodges DVM,hlaliberte@example.com,994-369-9459
Élisabeth Proulx,haydenpeter@example.org,809-004-7888
Olivier Béland,gillespiesheila@example.com,847-632-1783
Marguerite,notanemail,123
James Cooper,arenaud@example.com,713-393-8918
Antoine Grenier,margot47@example.net,431-373-5160
Patrick Grant@#$,michellepilon@example.org,248-226-2991
Mr. Michael Ingram,fmason@example.org,170-379-9566
Ashley Everett,jose44@example.org,719-094-3407
Melissa Hall,nmiles@example.org,697-865-4490
Frédérique Dumas,gallagherjohn@example.org,785-381-2524
Jennifer Adams,desrochersmarguerite@example.org,123
Dorothée,notanemail,123
Jeannine Ouellet,brownselena@example.org,580-537-5019
Joshua Yoder,aurelie73@example.net,094-769-0721
Maurice-Marcel Dumont,qperry@example.com,635-646-0671
Paul Griffin,erica54@example.com,879-757-0605
Michele Nolan,renaudnathalie@example.org,340-063-8374
Gabriel Provencher,xgibbs@example.org,049-375-9458
Stephanie Miller,stephaniemathieu@example.net,989-929-6911
Laetitia Marcoux,qgosselin@example.net,375-943-5381
Karine Breton,denislavigne@example.org,499-720-5339
Courtney Brown,meadowsrobert@example.com,592-792-5959
Raymond Nadeau,williamsonchristine@example.com,125-086-9111
Rémy Mercier,lwallace@example.net,204-218-6159
Brooke Wilson,phillipsanne@example.com,238-050-5311
Anne Beaudry-Drolet,Matthew,976-647-2170
Patrick Sweeney,melanie58@example.com,752-135-3264
Michele Anderson DDS,deborahacevedo@example.com,906-191-4796
Robin Dalton,kevingardner@example.net,736-249-3015
Brittney Pearson,bburton@example.com,536-116-8516
Michael,notanemail,123
Denis Boivin,kimberly41@example.com,136-210-0557
Vincent Turcotte,noemieprevost@example.com,321-021-2388
Gérard-Xavier Coulombe,paul37@example.net,231-139-8895
Chantal Trépanier,lflores@example.net,706-769-3393
Shane Ford123,lafontainejerome@example.com,986-837-3914
Olivier-Lucas Proulx,allenmoreno@example.org,930-885-0550
Pierre Vaillancourt,larivierebenjamin@example.com,793-114-0971
Jessica-Sylvie Germain,scott05@example.net,207-703-2946
Luis Kennedy,james90@example.net,022-780-9879
Caleb Walker,uhernandez@example.net,745-079-6132
Margot Gagnon,daniellozano@example.org,234-807-4376
Brian Miller,santosaudrey@example.org,390-867-0421
Jesse Simpson,dtrottier@example.com,386-486-9326
Gregory Moran,ashley72@example.org,706-705-4907
Dr. Kelsey Gross,shawronald@example.com,214-911-2479
Steven Hall,anne29@example.org,078-453-8297
Erica Blake,savoiepenelope@example.net,562-512-9258
Patrick Provost,laurentrioux@example.org,546-939-9871
Antoine Boucher-Martel,vanessarowe@example.org,448-099-4446
Yves Leduc,qsavoie@example.org,248-962-5187
Charles King,andersoneric@example.com,592-554-7969
Jules Delisle-Nguyen,laurentlavoie@example.org,204-230-9006
Céline Hamel,jamieclark@example.com,354-451-8795
Michelle,notanemail,123
Cory Hawkins,jessica05@example.com,712-637-1415
Laurence-Anne Lachapelle,dumontpaul@example.com,817-399-1272
Timothy Mitchell123,julien90@example.org,596-419-2472
David Mcdonald DVM,raymond07@example.com,732-502-5417
Andrée Vallée,fknight@example.com,622-887-4562
John Griffin,anthonyhill@example.org,413-087-0212
Reginald Powell,sherichavez@example.net,859-997-5056
John Hunt,andres65@example.com,275-674-9765
Tonya Jackson,sarapalmer@example.org,861-219-1327
Christopher Sanchez,jonathangonzalez@example.net,830-525-2371
Judy Ochoa,wilsontanner@example.org,234-345-5867
Alexandra Foster,mark26@example.com,862-304-2537
Alexandre Dufresne,pgonzalez@example.net,462-372-6699
Lori Simmons PhD,dsingleton@example.org,521-403-1778
Brandi Gonzales,xhaynes@example.com,861-795-0504
Denise,zmercier@example.net,244-229-2195
Gerald Gray,frances22@example.com,814-341-2367
Guillaume,notanemail,123
Noël Lessard,cynthiacabrera@example.org,161-948-8955
Sarah Gonzalez,girardlouis@example.net,499-258-7346
Dustin Williams,jean04@example.org,424-929-2012
Nicole Carter,sloandevon@example.com,092-143-2875
Françoise Duchesne,josetteleclerc@example.org,578-619-8060
Ashley Snyder,nicolecarr@example.org,380-479-4065
Laurie Oliver,kathleenolsen@example.org,877-605-1315
Josette Tessier,martincynthia@example.org,325-002-2394
Samantha,ashley83@example.net,560-133-2767
Travis Zavala,laurie13@example.org,460-298-9142
Cécile-Christine Bernier,qcopeland@example.net,046-773-0494
Tanya Chambers,harry67@example.net,731-200-4609
Raphaël-Patrick St-Laurent,david33@example.org,090-634-3974
Kelly Roberts,dbecker@example.org,961-797-5570
Raymond Nguyen123,michaelwang@example.com,400-033-1084
André Trépanier-Gosselin,david61@example.net,025-375-4982
Henri,charlotte74@example.net,924-775-9030
Mary Mclaughlin,deanchristopher@example.org,749-999-1934
Diana Castaneda,mdupont@example.net,423-715-8959
Christopher Harris,francoisbouchard@example.org,526-159-2564
Tony Martinez,raphaelbelanger@example.com,887-034-8566
Élisabeth Croteau,leducjean@example.net,980-152-6752
Alexandre Fortier,ycummings@example.net,587-975-2092
Louise Robitaille-Dionne,becktravis@example.com,395-733-2694
Noël Dumont-Audet,odette94@example.net,612-241-4394
Astrid Delisle,bgravel@example.com,265-866-2712
Robert Oliver,njoseph@example.net,644-940-8010
Jasmin Atkinson,lauren66@example.com,426-026-6158
Béatrice Guay-Therrien,Peter@,996-707-9252
Josette Labelle,millerkaren@example.org,531-779-0153
Troy White,rlavallee@example.org,705-798-2781
Luc-Timothée Bélanger,bernieremmanuel@example.org,635-501-7866
Stephanie Roth@#$,lbrown@example.com,597-605-1847
Laurent Moreau,hutchinsonjessica@example.net,401-148-0474
Jessica Bergeron,milleralexis@example.org,431-507-5768
Jacques Marcotte,ryangallegos@example.org,749-733-1808
Jessica Lawson,christophercarter@example.com,901-372-7118
Théodore Asselin,johnlewis@example.org,354-772-4680
Maxime Guay,mluna@example.org,206-532-5275
Michael Cook,jonesjohn@example.org,003-716-9567
Alyssa Peterson,aproulx@example.net,822-858-0578
Jaime Matthews,obeaudry@example.net,735-411-3269
Geneviève Fontaine,fharrison@example.net,542-458-2384
Rachel Mcguire,clee@example.com,077-572-1113
Benoît Charette,gabriel70@example.org,430-488-7025
Robert Bowen,gregoire87@example.net,369-319-7500
Patrick Velez,lepagebenoit@example.net,010-367-0032
Raymond Raymond II,jonathanbrooks@example.com,297-208-4566
Maria Lewis,brandon06@example.org,333-475-3443
Richard Jones,jenkinsbryce@example.net,449-003-2577
Phillip Fischer,Joshua,170-068-3057
Charles Schultz,alawrence@example.net,034-302-3949
Mrs. Carol Goodman MD,paul46@example.org,834-712-2872
Joyce Hull,amber73@example.org,922-166-4889
Regina Stein MD,lavoieemile@example.com,330-136-8001
Charlotte Gosselin,hoodlauren@example.com,373-324-9966
Joshua,notanemail,123
Oscar Davis,kaitlinduke@example.com,377-944-3983
Mr. James Schmidt,gst-onge@example.com,991-909-7306
Nicolas Demers-Larose,lorrainecloutier@example.com,419-440-5323
Georges,notanemail,123
Arthur-René Desbiens,trepanierlucie@example.org,068-181-7027
Patrick-Emmanuel St-Jean,charlottelamontagne@example.org,815-688-1659
Daniel Luna,robertmiller@example.net,286-029-2953
Antonio Nguyen,danabell@example.org,587-577-1035
Nicole Jean-Dionne,hpatrick@example.org,946-764-7382
Emma,notanemail,123
Jules Lapointe,andersonmichael@example.org,296-116-7267
Charles Holmes,jcharest@example.net,791-389-8066
Michele Lopez,michaelwyatt@example.org,530-989-9516
Kevin Jones,tiffanyruiz@example.org,121-339-0387
Pénélope-Mélanie Proulx,kyle16@example.net,542-576-1822
Denis Guillemette,Christina@,854-425-3044
George Hall,josephwhite@example.net,569-163-9495
Laura Jones,ryan72@example.net,936-398-8048
Jamie Pham@#$,russelleddie@example.net,952-883-1098
Pénélope Leduc,jasmine37@example.com,945-476-9527
Maxime Daigle-Brunet,lroberts@example.com,849-422-7421
Yves Paré,joseph98@example.net,578-008-3697
Margaret Young,hinesashlee@example.com,910-120-6834
Peter Jones,julietteouellet@example.com,457-304-1396
Rachel,fergusonmonica@example.org,346-014-3739
Robert Valdez,uyoung@example.com,207-347-0226
Corey,notanemail,123
James Greer,smithashley@example.org,020-772-1428
Debra,scottnichols@example.net,816-762-5020
Caroline Chouinard,ithompson@example.com,866-094-3905
Joseph Lopez,Agnès,111-593-7498
Justin Williams,ibrunet@example.net,630-552-5115
Nicole Blake MD123,zacharyfarrell@example.org,961-033-5285
Kristina Payne,rodriguezchad@example.com,044-263-9588
Alain Audet,dorothee40@example.org,578-114-9657
Bradley Haas,danielosborne@example.net,195-979-4797
Andrew Perez,mary54@example.net,967-484-6887
Yves Boily-Michaud,carolinemathieu@example.com,570-820-7200
Georges Fontaine,jzimmerman@example.com,402-335-3669
Rebecca Schroeder,fbrunet@example.net,448-510-3772
Tyler Fleming,patricia73@example.com,245-801-8337
Jennifer Baldwin,mercerpeter@example.net,539-781-7489
Michelle Maldonado,jonathancabrera@example.com,718-331-1295
Benoît Proulx,therese21@example.com,960-748-7657
Lucas-Sébastien Vézina,orousseau@example.com,395-006-8863
Courtney Estrada,Taylor@,386-482-2399
Charles,notanemail,123
Mikayla,hyoung@example.org,247-714-9788
Ryan Harris,probinson@example.net,198-450-9566
Eric George,hfreeman@example.com,104-049-0186
Bertrand Labbé,seguinalexandra@example.net,307-468-9307
Thomas Barnes,apalmer@example.net,118-176-9268
Robert Farley,susannebisson@example.net,184-177-9724
Thérèse,notanemail,123
Nicole Lee,jeannine43@example.com,157-940-7637
Lawrence Snyder,stephanelabonte@example.com,263-059-2132
Molly Phillips,boutingilles@example.net,442-598-5239
Danielle Jones MD,briancopeland@example.org,555-281-0135
Krystal Blackburn,bernierandre@example.org,807-766-6033
Michelle,notanemail,123
Timothy Clay,desjardinssebastien@example.net,099-922-9604
Patrick Jones@#$,jeannelavallee@example.org,708-813-3813
Lorraine Vallée,benoit45@example.org,255-906-6542
Jeffrey Shaw,travismalone@example.org,232-249-0204
Deborah Hunt,eroberson@example.org,137-598-6533
Julien Gendron-Cormier,taylormichelle@example.org,414-637-3695
Émilie Dion,cindy48@example.com,826-758-4953
Christelle Martel-Landry,lucpouliot@example.net,088-082-8330
Bertrand Bernier,thomasjones@example.net,015-067-9069
Thomas Jones,menardbenoit@example.com,747-448-5494
Shane Johnston,james77@example.net,123
Christopher Shepard,steven28@example.net,289-240-0315
Théodore Marcotte,barnessteven@example.net,881-226-8165
Travis Martinez,johnsonchristine@example.org,653-894-8351
Heather Burns,wtrudel@example.net,577-186-0225
Vincent Lemay,michelle81@example.com,380-869-2336
Andre Mann,zstevens@example.net,535-315-3973
Marcelle-Sophie Desrosiers,yoliver@example.com,538-181-9457
Mrs. Jessica Mcpherson,btorres@example.net,973-542-0135
Daniel Rodrigue,noel74@example.com,367-123-7096
Hortense Bélanger,lindabauer@example.net,113-215-7538
Scott Flynn,corybrown@example.org,417-105-9339
George Salas,valerie72@example.net,392-115-8625
Gina Ellis,ntucker@example.com,abcd-efg-hijk
Charles Cloutier,ltrepanier@example.org,885-546-4046
Bradley Mendez,alexanderjenkins@example.com,370-181-4390
Caroline Harvey123,jim98@example.net,049-703-5029
Charles Fréchette-Nadeau@#$,michelle99@example.org,225-269-1687
Aurélie Hébert,brandiharper@example.net,044-491-8081
David Perez,nichole03@example.net,458-394-8385
Ryan Bennett,oceane66@example.com,710-071-3625
Nicole Drouin,thomasnovak@example.com,475-557-4627
Marc,notanemail,123
François Rioux,jlalonde@example.org,983-143-5812
Emma Tessier,christinestone@example.com,761-322-0525
Michel Racine,michellebrock@example.org,350-534-5343
Bobby Hale,deborahharper@example.net,767-754-5304
Sarah,josephboucher@example.com,952-757-9313
Taylor Franklin,pbernard@example.net,00000000000000
Danielle Legault,denisejohnson@example.org,901-291-4497
Gabrielle Rivard,ncharette@example.org,178-320-9118
Gary Garcia,markcampbell@example.net,816-474-7540
Pauline Lavoie,ddean@example.net,abcd-efg-hijk
David Black,heather26@example.org,869-560-6810
James Neal,ashleysparks@example.org,485-157-5079
Célina Bélanger,cdurand@example.net,164-149-0244
Chris Solomon,riveradana@example.com,489-990-0842
Christelle Morin,scottbaker@example.org,141-340-2391
Samuel Parent,paquinaurelie@example.net,156-019-9056
Devon Thompson@#$,sheiladillon@example.org,063-945-3321
Justin Sherman,Kimberly,973-133-9662
Alexandre Provencher,nbilodeau@example.com,416-771-5331
Anthony Johnson,bretonemilie@example.com,159-991-6729
Kyle Alvarado,paulinelarouche@example.net,920-198-5092
Jason Martin,patrick58@example.net,116-023-6619
Nicole Holt,mlemieux@example.com,742-164-8843
Kristin Potts,michele11@example.org,001-374-3400
Rosalie Thibodeau,hgibson@example.net,754-086-3327
Émilie-Chantal Houde,calebjohnson@example.org,353-482-2799
Teresa Johnson,imarcoux@example.org,392-852-9028
Johnny Cline,zvallee@example.net,756-085-0267
Robin Nichols MD,jonesmelissa@example.com,193-616-3389
Daniel Jordan,Matthew@,440-245-4028
Anouk Émond,uchan@example.com,306-594-7482
John Cunningham,lauramcdaniel@example.net,609-806-3826
Erika,notanemail,123
Karen Mills,corey06@example.com,777-256-9841
Claudine Lemire-Richard,jeanninedoucet@example.net,827-916-8600
Éric St-Jean,Tristan@,817-759-4543
Gilles Perron,lucylachapelle@example.org,322-846-7023
Desiree Lopez,ouelletfrancoise@example.net,676-615-1791
Alexandra Boulanger,cory88@example.net,455-101-0726
Émile-Martin Rioux,lacroixamelie@example.org,134-443-7889
Sébastien Bérubé,alexisgendron@example.org,803-471-0793
Mathieu Tremblay,williamsjasmine@example.net,762-627-9595
Gabriel,notanemail,123
Amélie,amberbarnes@example.com,039-563-0241
Kim Hudson,porterjeffrey@example.net,955-776-9984
William Moore,penajulie@example.org,332-743-9762
David Jones,jonathanhuffman@example.net,803-646-0260
Jennifer Benton,alain37@example.com,780-614-3093
Scott Marshall,loganmichael@example.com,882-397-5820
Théodore Chabot-Benoît,raymondlegault@example.com,851-177-4566
Ashley Brown,davidsonandrew@example.net,972-915-3663
Aaron Mitchell@#$,michaelyoung@example.org,515-042-4690
Kayla Villegas,christianerobert@example.org,886-659-8061
Maxime Poulin,lemieuxhelene@example.org,637-022-8234
Sarah Leach,justin04@example.org,292-049-6851
Bailey Taylor,Barbara,731-181-1264
Jérôme,notanemail,123
Felicia Wilson,quinnrichard@example.com,751-587-9033
Alexander Harding,natashawolf@example.com,781-864-5448
Danielle Maltais,serranojacob@example.com,219-226-9979
Sean Berry123,xhoward@example.org,136-997-7738
Vincent Marchand,alain19@example.com,156-471-4375
Timothy Barber,lewisdavid@example.com,023-096-7530
Arthur Germain@#$,eliselabbe@example.net,143-758-6682
Alexis Legault,higginskevin@example.org,104-838-3894
Crystal Marshall,michael20@example.net,437-139-4956
Vincent Dupont,benjaminholland@example.org,596-331-7541
Tamara Jones,garciajennifer@example.org,061-073-2825
Sarah Stewart123,josephfortier@example.com,959-423-2006
Holly,notanemail,123
Paulette Pépin,ronaldjohnson@example.com,666-772-1070
Corey Mills,fowen@example.com,881-559-2879
John Myers,giguerethomas@example.com,100-755-6100
Steven Wilson,sullivanstacy@example.net,804-393-3263
Crystal Owens,wtherrien@example.com,627-423-7065
André-Benoît Chabot,hlara@example.net,636-569-1023
April Murray,ccroteau@example.net,830-396-5520
Ashley,notanemail,123
Laetitia Bérubé-Durand,notanemail,335-186-8534
Victoria Foster,veronique64@example.com,150-913-2535
Megan Stephens,wfontaine@example.org,352-001-0927
Michael Thompson,pamela21@example.org,781-980-1548
Rebecca Jordan,petersshannon@example.net,847-614-0944
Tim Martinez,campbellsara@example.org,177-310-4709
Lori Moore,kaylalawrence@example.org,016-720-0900
Olivier Gingras,diane10@example.net,759-664-4083
Théodore Dupuis,sheltonsandra@example.org,543-512-0775
Dr. Joel Miller PhD,christophersalazar@example.com,787-927-7404
Dr. Paul Davis,frances16@example.com,719-841-0170
Daniel Harrison,ltyler@example.org,140-432-7822
Julie Franco,cindy68@example.org,015-302-8573
Alison Walton,edwardschultz@example.org,885-201-2208
Jeremy Stone123,bennettsteven@example.net,837-867-7208
Jacob Suarez,thomasolson@example.org,361-506-0851
Rémy Rodrigue,zschmidt@example.com,248-923-4973
Casey Wallace,marcel60@example.com,328-758-6011
Luc Maltais,jacksonmark@example.com,873-812-1990
Kenneth Jones,dakotamartin@example.com,355-674-6636
Véronique Archambault,michellephillips@example.org,608-242-7922
Anouk Duval,josephbecker@example.org,700-384-5814
Jeannine,notanemail,123
Claudine Fortin,lonnieburke@example.net,647-312-2137
Béatrice Labrecque-Fournier,christelle49@example.net,659-027-7266
Lindsey Foley,elizabeth77@example.net,907-327-7187
Brandon Williams,cwilliams@example.net,625-646-9159
Christopher Joseph MD,upaquin@example.com,756-643-2097
Jose Harrington,kimberly68@example.net,730-782-0513
Valerie Thomas,emily96@example.net,084-539-8211
William Bennett@#$,bhart@example.com,666-993-7780
Gilbert Lemay,rwhite@example.net,777-812-9652
Jacques Morissette,rousseauodette@example.com,614-646-5054
Christy Anderson,zkirk@example.org,901-636-4516
Gabriel,notanemail,123
Mathieu Ouellet,jamesrichardson@example.org,010-455-4123
Luc Maltais,maximerobert@example.org,369-695-8952
Margot Forget,sanchezjames@example.org,642-351-3415
Mr. Stephen Edwards,colson@example.org,908-021-3026
Maxime Leblanc,stephenhughes@example.net,abcd-efg-hijk
Gérard Richard,whill@example.net,657-555-1058
Paul Bryan,soucylaetitia@example.net,813-708-5037
Alexandra Ross PhD,evanmadden@example.org,471-347-4837
Jennifer Murphy,mricher@example.com,991-195-3608
Alex-Catherine Thibault,zsmith@example.net,780-531-7260
Odette Deschênes,amy91@example.org,740-849-5312
Christine Valentine,nealaaron@example.org,990-583-5940
Caroline-Monique Fillion,justin56@example.com,329-979-8984
Brian King,jeanleblanc@example.com,873-063-8783
Martin,notanemail,123
Jessica Luna,ftorres@example.org,688-234-0498
David Kline,cmorissette@example.net,810-459-6334
Debbie Barnett,pgermain@example.com,919-409-8885
Marc Turcotte-Lauzon,wardbryce@example.com,046-774-8225
Mrs. Emma Smith MD,qsparks@example.org,845-939-2747
Samuel Séguin,schmidtrobert@example.com,680-104-8722
Olivier Labelle,bdiaz@example.net,091-944-5306
Peter Brock,tjohnson@example.net,015-957-7400
Roberta Roberts,faulkneremma@example.org,608-285-1960
Thomas Mercier,peterromero@example.net,631-732-5476
Garrett Brown,mathieuflorence@example.net,513-493-3029
Jeremy James,trevordavis@example.com,684-656-9648
James Parker,gabriel27@example.net,139-336-0311
Nathalie Dupuis,emmanuel20@example.org,094-978-6185
Marguerite Béland,richardsmith@example.net,834-348-9514
Jeremy Stevens,karenbeck@example.net,abcd-efg-hijk
Constance Dufresne-Gingras,karinebrassard@example.com,292-625-1307
Robert Perez,michaelmorton@example.net,370-651-8285
David Cooper,aurelieleclerc@example.net,268-559-7989
Nathan Turcotte,matthewadams@example.org,563-709-3705
Samuel Joseph,haroldsmith@example.com,014-118-5437
Angela Erickson,christianharrington@example.com,259-588-8661
Robert Émond,rhodesbradley@example.net,027-267-3209
Shawn Anderson DDS,johnsonmaria@example.org,442-800-0095
Christine Beauregard,kevin96@example.com,245-986-8430
Nathalie Landry,bethmartin@example.net,055-162-4508
Renée Beaulieu-Gosselin,taylorcaroline@example.org,021-166-1632
Eric Mitchell,ulepage@example.net,477-990-6452
Jennifer Fox,jacquesveilleux@example.org,886-090-7029
Philip Gallegos,catherine27@example.net,523-354-4481
Frédérique Dallaire,taylornatasha@example.org,750-158-3165
Constance,notanemail,123
Carlos Shannon,Anne@,430-190-2716
Tracy Stevens,frederic72@example.org,088-701-9221
Christine Harper,ljimenez@example.net,707-151-3097
Dr. Jennifer Hebert,mark12@example.org,230-443-6318
Jeanne,notanemail,123
William Williams,michelle27@example.com,403-661-5498
Meghan Bell,michele30@example.com,665-726-5408
Nancy Price,tina26@example.org,064-949-2614
Michael Hunter,akim@example.org,390-634-0098
Lisa Swanson,genevieve34@example.org,574-116-0261
Danielle-Simone Bilodeau,llamontagne@example.org,242-708-9082
Maria Foster,idrolet@example.com,200-572-0001
Audrey Pilon,arandolph@example.org,416-243-2157
Lucas Turcotte,mccoyjesse@example.net,00000000000000
Françoise-Isabelle Couture,richardsonpatricia@example.com,428-439-3898
Teresa Sutton,todd51@example.org,906-147-9330
Maurice Dumas-Dupont,joshuachase@example.net,665-454-2588
Jeffrey Walker,johnmack@example.org,358-224-1562
Natalie Kennedy,tinalivingston@example.net,063-142-0783
Cameron,notanemail,123
Leslie Horn,Jerry,089-706-1364
Mélanie Pilon-Labrecque,uhicks@example.net,191-354-2030
Stéphane Duguay,ashley57@example.org,524-483-8412
Jeffrey Wang,notanemail,103-154-5584
Jeffery Johns,robertmartin@example.org,390-204-2013
Georges-Gérard Drouin123,marie99@example.net,161-417-9912
Scott Cabrera,reyesamy@example.org,489-129-8119
Daniel Hardy,sarah51@example.com,874-788-4092
David Davidson,brownjulie@example.net,026-521-3683
Roland Charron-Houde,gilbertvincent@example.com,140-471-3113
Sheri Jones,sandrajones@example.net,936-164-4357
George Harrison,gregorystewart@example.net,561-595-5993
Jacques Forget,Frédéric@,709-165-4334
Christopher Johnson,qst-jean@example.com,130-179-4536
Paul Stevens@#$,nicole97@example.com,129-733-4402
Céline Sirois,gilles21@example.com,614-017-4421
Amy Sexton,josephasselin@example.net,148-065-1722
Ann Lawrence,dhart@example.org,079-661-6620
Stanley,notanemail,123
Olivia Robertson,huguescharbonneau@example.org,866-838-7934
Mark Carter,mezamary@example.org,275-726-8751
Karen Mccormick,patriciaturgeon@example.com,707-601-8022
Shelby Alvarez,ipatton@example.com,816-975-6919
Valerie Bautista,jguzman@example.org,268-722-8883
Paul Bridges,riosdavid@example.com,146-364-1623
Alexis Cloutier,bgonzalez@example.com,937-948-9392
Timothy Maldonado,moreaunicole@example.org,123
Miranda Mcgee,cvance@example.org,464-982-7088
Renée Blais,isabellegermain@example.org,695-886-8001
Stephanie Fisher,paquingerard@example.org,123
Nicholas Anderson,hjackson@example.com,847-592-2415
Pénélope-Margaret Séguin,elapierre@example.com,463-421-4332
Raphaël Pépin,robert09@example.net,474-139-9151
Richard Hébert-Sirois,louisebedard@example.org,311-392-7370
Tamara Roman,pdeschenes@example.org,533-573-5168
Sierra Richmond,jacksondavid@example.com,728-708-1176
Deanna Bennett,misty48@example.net,404-835-4933
Paul Rivera,laurahughes@example.net,593-227-4641
Carolyn Wells,nathanlacasse@example.com,373-979-3583
Zoé Bouchard,audreyrobert@example.org,342-727-5503
Shelby Lyons,davisjeremy@example.net,120-153-1554
Amber Smith,carolinepicard@example.com,448-676-9733
Shannon Howard,hamiltonterri@example.com,390-322-6985
Paula Barker,lacroixhenriette@example.net,792-661-0236
Thomas Gonzales,cathy17@example.org,300-199-0832
Brandon Farrell,peter91@example.net,681-030-8932
Virginie,qperron@example.org,812-962-6914
Olivia Walters,bnelson@example.net,259-325-8131
Kyle Butler,frederick29@example.com,418-225-2663
Joseph Johnson,zachariegregoire@example.org,930-006-0099
Edward Salinas,sheri32@example.net,206-200-1885
Robert Greer,harold64@example.com,394-056-7992
Ricky Mathews,susannecote@example.org,119-695-2296
Hugues Lebel-Dubé,kathryn69@example.net,446-084-5222
Laurent-Benjamin Provencher,vlee@example.com,828-195-1049
Heather Harris,yarchambault@example.org,479-827-3581
Frank Daniel,estradakimberly@example.com,614-878-4901
Dana Wilson,marialuna@example.net,365-485-6826
Andrea Nichols,georges76@example.com,631-840-8225
Heather,notanemail,123
Paul Flynn123,williamcooper@example.org,961-750-4072
Jennifer Jones,kpelletier@example.net,863-925-8168
Stephanie Hoffman,ncarr@example.com,551-796-1443
Thomas Walker,williamprovost@example.com,827-318-8988
Allison Castillo,belandceline@example.net,703-248-9049
Alison Hendrix,smoses@example.net,111-866-1966
Anthony Downs,torrestheresa@example.com,821-920-5342
Karine Audet,garciaangel@example.net,123
Erica Garcia,chloeperry@example.org,880-156-6797
Timothy Moody,celinagendron@example.org,041-999-0802
François-Étienne Michaud,steven12@example.org,787-177-1501
Ashley Brown,michaelbrooks@example.com,583-190-7992
Jeanne Beaudoin,claire29@example.com,624-021-4728
Martin Audet,maximegregoire@example.org,665-571-9093
Francis Allen,gregorytracey@example.com,830-653-4801
Jennifer Martinez,tardifmathilde@example.net,675-511-7683
Heidi Herring,tomhenson@example.net,232-738-2744
Manon Gauthier-Labrecque,qryan@example.com,896-669-0448
Crystal Smith,alexanderromero@example.net,438-725-2993
Allen Hawkins,olee@example.net,853-016-3938
Teresa Hammond,oconnorrachel@example.com,491-543-3380
Aurore Parent-Bédard,rachelkane@example.com,038-029-8495
Véronique Poirier,Laurent@,391-162-1967
Julie Delisle,chenrobert@example.org,855-589-5774
Raymond Guay,adriennesims@example.com,472-582-2227
Lori Lawson,natashaortiz@example.net,793-448-6755
Pénélope Audet,wardstephen@example.net,abcd-efg-hijk
Nathalie Massé,lreynolds@example.net,314-818-2851
Mary Henry,genevievelabelle@example.org,927-121-9466
Tony Higgins,ssimpson@example.com,215-797-3880
Eugene Brewer,wesley91@example.org,694-694-6565
Michel Labonté,evanscarmen@example.com,622-380-6648
Anthony Williams,gabriellehoward@example.net,499-228-0861
Florence Cloutier-Pouliot,ulabonte@example.org,575-627-2588
Michael Morris,johngarcia@example.com,616-563-6286
Jessica Stone,victorduval@example.com,098-083-9852
Marianne Gingras-Dion,mtodd@example.org,260-721-5297
Stephanie Hudson,alexgrenier@example.com,109-854-0811
Debbie Thomas,laurentgermain@example.com,250-155-7280
Rachael Mccormick,jessica70@example.org,722-002-0516
Henri Marcotte,nicholasortiz@example.com,303-695-7640
Thomas-Gilbert Laroche,anthonycoleman@example.com,508-680-9702
Cynthia West,emilie01@example.org,00000000000000
Xavier,notanemail,123
Alex Drouin,vaustin@example.net,983-296-3824
Roland Croteau-Asselin,kristen46@example.net,123
Pénélope Bertrand,paulinemorin@example.net,756-038-3306
Catherine Coleman,qmarshall@example.net,165-379-9155
Benjamin Leduc,maria74@example.com,00000000000000
Alex Allen,curtisjessica@example.net,289-798-8764
Amanda Mayer,mallorypena@example.org,510-861-2321
Audrey,notanemail,123
Julie-Clémence Boivin,amelie53@example.org,673-785-9342
Jessica Rodriguez,belljasmin@example.org,568-622-6166
Russell Weiss,tbright@example.net,860-857-1657
John Garza,raphael93@example.net,648-788-5336
Jennifer Powell,ameliethibault@example.com,756-115-2141
Henri Lambert,wilsoncody@example.com,316-919-3634
Leah Griffin,agnes04@example.com,063-657-7234
Eric Mack,amber85@example.com,184-880-8320
Christian,notanemail,123
Édouard Proulx,micheldeschenes@example.net,336-269-5756
Jonathan Martineau,leblancdavid@example.com,589-275-8743
Robert Chapman,murphybrandon@example.org,757-698-0879
Vanessa Sullivan,anouk68@example.net,107-243-2510
Megan Oneill,parnold@example.net,964-382-1015
Catherine Chen,robinserrano@example.org,850-820-9439
Susan Lopez,cherylbowman@example.net,391-239-5802
Joseph Charron,jeanninecharest@example.com,940-447-0202
Timothy Powell,chelsea39@example.org,028-793-3291
Lynn Mclean123,cburns@example.net,377-340-7761
Gabrielle Denis,nicolejimenez@example.com,338-406-0215
Caroline Morrison,jamesproctor@example.net,418-127-3427
Nathan Smith,lcalhoun@example.com,287-277-6969
René Guillemette,vbeaudoin@example.org,629-397-7160
Martine,est-pierre@example.org,679-066-3229
Lisa Ryan,angela46@example.org,535-791-3716
Maurice Chartrand,susanne18@example.com,585-456-4153
Blake Goodwin@#$,anouklarocque@example.net,551-232-1691
Olivier Létourneau-Vallée,brandonbenton@example.org,165-829-8822
Melissa Rios,gonzalesjill@example.net,297-080-8865
Jill Garcia,kevindemers@example.com,442-018-1394
Laura Rivera,sophie57@example.org,238-312-1952
Paulette Raymond,hollyliu@example.net,635-541-6834
Tammie Lopez,zmartinez@example.com,485-859-4535
Christina Brown DDS,cotealexandre@example.net,479-455-9198
Steven Sanchez,christopher48@example.net,858-274-3962
Guy Smith,dmcfarland@example.com,abcd-efg-hijk
Mélanie-Marguerite Daigle,merrittdaniel@example.com,963-467-3809
Fernando Dixon,arthurbisson@example.org,083-838-0331
Valerie Liu,vpratt@example.net,658-740-5373
Louis Forget,richard92@example.org,222-507-5334
Sean Andrade,rodriguezsherry@example.net,371-269-6828
Guillaume Brassard-Cyr,xnguyen@example.org,609-804-3940
Jonathan Ray,michael08@example.org,006-638-3822
Mr. Daniel Baker,gendronclaude@example.org,401-315-7364
Henri Martin,lachapellemarie@example.org,591-576-7024
Marianne Chabot-Germain,bergeronmichelle@example.org,386-538-5544
Amy Brown,tonya59@example.com,170-833-7770
James Lindsey,coreyschneider@example.com,218-293-0225
Robert Flores,clarkjacob@example.com,702-586-8510
Laura Miller,tammie59@example.org,335-582-7810
Charles Chartrand,moreaudaniel@example.com,900-874-9413
Élisabeth Tremblay123,obelanger@example.com,194-921-6116
David Lyons,jasonadams@example.com,742-819-4763
Susan,notanemail,123
Véronique-Virginie Lachance,carlwilliams@example.com,134-124-5714
John Martinez,harrisandrew@example.net,370-331-4520
Dr. Juan Taylor,anouk14@example.org,790-803-1093
Arthur Doucet-Lussier,jeffrey20@example.com,410-139-2695
Zacharie Beaulieu,isaiah00@example.net,495-905-9079
Becky Carpenter,juliemayo@example.com,176-496-3553
Robert,notanemail,123
Stephen Hardy,mcdonaldricky@example.com,353-576-1088
Benoît Dumont,emmanuelle50@example.com,184-608-3434
James Ramos,bcastillo@example.net,019-136-0487
Caitlin Pruitt,celine63@example.com,675-452-6081
Michael Dennis,hansonrebecca@example.org,123
Pierre Robert,lalondegregoire@example.org,327-260-8469
Katherine Davis,xcole@example.com,886-008-5286
Christopher Murray,marcellelaflamme@example.org,883-850-5584
Gabriel Williams,zmorin@example.net,590-024-0125
Jason Burns,valenzuelaerin@example.com,952-336-9920
Jacob Rodgers,nicole08@example.org,767-648-3935
Monique Auger-Beauchamp,ipham@example.org,325-543-3055
Vincent-Mathieu Germain,paulinerobert@example.org,430-074-2569
Monica Russell,youngsarah@example.org,933-981-1516
Louise St-Jean-Lafontaine,Deborah,530-564-3321
Brigitte Laflamme,zacharie66@example.com,329-843-8973
Alexander Glover,amber49@example.net,662-103-0180
Terry Martin,eleonorelamoureux@example.net,291-504-6960
André Robert,sberube@example.org,878-115-2075
Grégoire Boucher-Doucet,Brian,748-750-8611
Éléonore Hébert,bmiller@example.net,009-868-9313
Michael Johnson,lambertetienne@example.com,00000000000000
Walter Phelps,williamjohnson@example.net,901-043-1675
Julie Bradley,jennifermoses@example.com,973-703-4307
Matthew Lawrence,henri85@example.net,221-993-0599
Geneviève Pouliot-Labelle,stephanietate@example.org,214-936-0974
Shawn Gibson,velasquezcarol@example.net,939-857-8263
Brian Dudley DDS,sebastienlarose@example.org,790-072-1217
Pénélope Houle,suzannejacobson@example.org,398-633-5218
Étienne Robitaille,gibsonstacy@example.net,469-859-0240
Raymond Donovan,hwinters@example.org,901-556-8798
Debra,notanemail,123
Lawrence Davis,Karine@,106-831-0686
Paul Thompson,charlotte27@example.org,362-015-7358
Emmanuel-Marc Provencher,kaylee62@example.net,695-268-2530
Eugene Smith Jr.,durandalice@example.org,123
David Kramer,josette56@example.org,622-698-4880
James Hill,eward@example.org,543-938-8614
Kevin Scott,mcgeekatrina@example.org,800-231-0391
Émilie Villeneuve-Desrosiers,amandasmith@example.net,947-016-4169
Susan Burke,youngshirley@example.net,603-658-3888
Erica Garcia,Kathryn,661-288-9433
Édouard Tardif-Leblanc,Robert,390-559-2079
Crystal Lambert,ypotvin@example.org,581-032-6163
Emily Solis,agnes25@example.net,714-825-9021
Michael Padilla,laurenclayton@example.net,543-796-2419
Troy Kim,tdaniel@example.org,474-817-8857
Nicole Humphrey,christian09@example.net,666-144-0252
Anne Gosselin,rousseaualexandre@example.org,253-679-2265
Ellen Martinez123,turnersteven@example.org,624-696-1787
Jennifer Acosta,raymondgibson@example.com,364-276-4201
Gilbert Cormier-Dallaire,randy12@example.org,664-747-9543
Laura Williams,ericmcgrath@example.org,698-279-1258
Jerry Thomas,tommy82@example.net,444-741-5608
Cynthia Flynn,desbiensbenjamin@example.net,079-846-5286
Alexandra Plourde,Laurence,854-437-7574
Stephanie Jackson,marie77@example.net,504-021-9392
Tyrone Knight,brassardjacques@example.org,510-435-6477
Jason Hampton,jeanne35@example.net,440-340-0507
André Racine,philippelaplante@example.org,728-889-7620
Maurice Champagne,gabriel01@example.net,318-516-7677
Melissa Mullins,potvingenevieve@example.org,683-997-7157
Alexandra,notanemail,123
Timothée Blanchette,duvalhortense@example.org,457-256-6878
Sébastien St-Laurent,celina26@example.net,213-179-9196
Michelle Young,wbrunet@example.org,509-878-8479
Kevin Garcia,stevenswilliam@example.net,725-408-8099
Andrea Pace,johnstontoni@example.net,929-768-0365
Raymond-Antoine Michaud,zsmith@example.org,214-765-7202
Patricia Ellis,fsirois@example.org,856-777-1315
Nicholas Morgan,lisa11@example.net,280-840-4916
Rachel Morgan,matthew78@example.net,811-438-8140
Hugues Richer,lproulx@example.com,622-680-7508
Deborah Reid,gary85@example.org,888-876-7272
Yvette Barron,rwatson@example.com,988-869-1047
Stéphanie,notanemail,123
Éléonore Morin,luisnavarro@example.com,490-041-1158
Melissa Matthews,suttoncarlos@example.net,119-520-6971
Joseph Powell,cynthialee@example.org,605-007-3348
Justin Fitzpatrick,ian41@example.org,137-523-9270
Mathilde-Mathilde Chartrand,xlee@example.net,411-607-9196
Carlos Cortez,chabotmaryse@example.org,248-429-3642
Jennifer Christensen,marcouxflorence@example.org,486-317-2206
Gérard Gingras,elizabeth29@example.org,355-510-5488
Heather Lopez,wilsonjerry@example.org,916-630-9619
James Mccoy,udufresne@example.com,113-861-4330
Bertrand Couture-Labelle,leslie82@example.com,00000000000000
Alan Harper,desrosiersdenis@example.com,598-885-7253
William Mercado,hicksisabel@example.com,762-447-6917
Nicolas Lachapelle,Oscar@,530-612-8865
Thomas Nguyen,llegault@example.net,414-990-7950
Joseph Lacasse-Robert,coreyfoster@example.org,048-362-6191
Mindy Fletcher,medinagregory@example.org,627-313-3517
Barbara Ramos,ryan72@example.com,076-874-0440
Michael Martin,oellis@example.org,608-953-6761
Gabrielle Harvey,cassandraelliott@example.com,385-855-4422
Laurie Smith,bonnie21@example.net,821-994-1474
Casey Jenkins,dufresnecaroline@example.org,190-386-5036
Joshua Maldonado,kendra53@example.org,118-569-4146
Christopher Mata,jamiemorse@example.com,053-925-8870
Claude Dupuis,travis73@example.com,183-205-0267
Dorothée Mercier,jenkinsdanielle@example.net,381-705-8875
Jules-Benjamin Roberge,penelopegravel@example.com,259-826-0443
James Alexander,peter40@example.net,730-357-7323
Cécile-Maude Rodrigue,notanemail,270-860-9266
Éléonore Fillion,jfox@example.net,875-529-4190
Anthony Newman,virginie51@example.org,392-375-9859
James Price II,mistybenitez@example.org,509-027-7861
Samuel Coulombe-Patel,hughescraig@example.com,044-729-9105
Daniel Michael,hameljacqueline@example.net,218-154-2515
Gail Wilson,mbrock@example.net,589-196-3793
Kelly Lucero,davidperez@example.org,231-898-4853
Kelly Grant,mooneygregory@example.com,184-920-0717
Amanda Kim,elliottlaura@example.com,777-792-7403
William Chang,ebonymoreno@example.com,024-728-9573
Paul,notanemail,123
Emmanuel Desbiens,danielleboisvert@example.com,224-477-3510
Alicia,notanemail,123
Noël Lauzon,joseph47@example.com,366-362-0552
Kelly,notanemail,123
Holly Barton,robert67@example.com,094-283-5074
Sylvie Carrier,troy15@example.org,357-470-3708
Mitchell Smith,lnguyen@example.com,272-867-5379
Michael Robinson,gvalenzuela@example.com,970-890-2488
Véronique-Sophie Tremblay,jessicahartman@example.org,539-651-7994
Edwin,notanemail,123
Jose Gardner,gilbert28@example.org,abcd-efg-hijk
Benjamin Desjardins-Paré,gerard93@example.net,728-892-2038
Benoît Hamel-Côté,craigjones@example.com,330-044-5198
Courtney Sanders,gary59@example.net,721-205-8975
Lisa Smith,wwelch@example.com,301-269-9185
Amanda Sims,rossbrian@example.com,683-684-2047
Chantal Martel,brissoncaroline@example.net,975-602-2629
Charlotte Beauchamp,nicholas44@example.com,407-943-9408
Anne Marcotte,sethmayer@example.org,440-089-4352
Victoria,notanemail,123
Andres Smith,rcharest@example.com,617-750-0848
Mélanie-Maude Lacroix,christophermartin@example.net,618-321-5381
Krystal Brooks,jodiharrison@example.com,157-828-8729
Nicole Walsh,fillionvirginie@example.com,033-709-0764
Andrea Bailey,william30@example.com,991-813-5170
Lauren Harper,elise11@example.com,466-289-5066
Michel-Laurent Allard,erik14@example.com,179-314-3283
Robert Williams,lawsonjason@example.org,628-274-7934
Mrs. Bonnie Sutton,Édouard@,719-447-9747
Andrew Smith,pgonzalez@example.com,843-535-2395
Brandi Ellis,jnash@example.org,233-382-1300
Jake Morales,lynnjeffrey@example.org,702-365-9189
Hélène St-Pierre,estein@example.net,732-323-4351
Mary Brown MD,lisawebster@example.com,585-228-2483
Laurie-Caroline Larouche,arthur73@example.org,941-498-9169
Christiane Trottier-Racine,evanstimothy@example.org,783-280-5718
Henri Thibault,pattonlisa@example.com,371-313-2167
Edward Martinez,iouellet@example.net,307-412-6323
Joshua Maldonado,vaughankayla@example.com,792-320-5696
Samantha Rivas,ericmorris@example.org,483-360-9444
Maxime Lussier,andreajennings@example.com,593-439-9717
Christian Richardson,celine74@example.net,962-015-0250
John Nicholson,andrew12@example.org,711-852-9221
Sandra Davis,watkinskyle@example.net,abcd-efg-hijk
Éric-Bertrand Goulet,caldwellbrenda@example.net,784-049-7108
James Gentry,thompsonamy@example.com,153-270-4157
Danny Weber123,jeffreymartin@example.org,399-755-1633
Alex Fortier,chad28@example.net,684-222-0942
John Russell,tina88@example.com,224-177-2434
Julia Smith@#$,debracastaneda@example.org,293-467-8371
Erika Johnson,pcarlson@example.org,731-755-9547
Guillaume Doucet,gpalmer@example.org,334-268-0693
Olivia Trottier,wcook@example.com,294-655-9189
Luis Graves,williamperkins@example.com,215-689-5062
Stephanie Morris,rcox@example.org,267-653-2575
Steven Watson,tuckerholly@example.org,773-974-1052
Richard Novak,vicki10@example.net,066-731-5526
David Labelle,hshaffer@example.net,342-476-3251
Michelle Greene,shannon21@example.org,280-632-7209
Stéphanie Fréchette,aurelie55@example.com,719-388-5109
Sabrina Smith,rkey@example.org,550-380-6724
Lucas Perreault,hpaquin@example.org,682-862-0174
Kevin Brown,forgetphilippe@example.net,111-385-1258
Tristan Bertrand,christopherwilliamson@example.com,485-369-9353
John Greer,katherine49@example.com,225-242-5053
Desiree Reilly,Travis,417-027-4761
Vincent,notanemail,123
Stephanie Marquez,jacquelinefortin@example.com,347-001-8959
Jessica Farmer,amy50@example.com,360-172-3694
Eric Brewer,padillakristen@example.org,786-928-2518
Barbara,notanemail,123
Zachary Hines,susan33@example.com,008-261-2696
Peter,notanemail,123
Laura Campbell,katherinepennington@example.org,528-379-6504
Lauren Robinson,remylessard@example.org,556-181-5384
Marcel Laplante,xfields@example.org,924-647-2852
Michele Huff,martelalain@example.net,747-556-4402
Brenda Lindsey,rachelsanchez@example.com,697-683-9121
Sara Rogers,james43@example.org,689-740-3971
Andrea Burton,Alexandria,126-393-7591
Phillip Phillips,duboissarah@example.net,466-994-2549
Peter Newton,crystal56@example.com,942-727-2747
Françoise Paré,donald71@example.net,012-059-9835
Valérie Mathieu,qcarter@example.org,380-957-6199
Austin Arnold,pgreen@example.org,212-392-8099
Anna Avila,josetteboivin@example.net,150-105-3287
Richard Germain,andrewbrown@example.org,842-475-0141
Renée Pouliot,durandeleonore@example.net,823-389-2226
Julien Vachon,sanchezscott@example.com,088-663-3254
Pénélope Arsenault,Gérard@,254-824-5760
Mary Gonzalez,raysilva@example.net,485-968-4483
Lauren Murray,jonestricia@example.org,811-856-3798
Sébastien Lafontaine,richardsapril@example.com,829-681-6144
Michelle Malone,lisa38@example.com,898-123-2853
Luc-Patrick Potvin,tfoster@example.org,327-814-4722
Brigitte Legault,morrisonjulia@example.net,320-468-8467
Michelle Moore,angelagraham@example.com,808-795-6942
Gabriel Gauthier,kimkevin@example.org,392-794-6387
Gabriel-Olivier Bouchard,danieldouglas@example.net,729-840-6560
Lucas Tremblay,dixonjordan@example.org,755-662-1629
Diane Boutin-Auger,joshua56@example.net,305-423-8766
Johnny Meyer,ochoaemily@example.org,704-006-8855
Alexandra Young,dallairepatricia@example.org,689-405-5585
Brenda Crawford,rduguay@example.org,011-829-3032
Alain Richard,frobinson@example.com,894-589-8425
Shannon Strickland,duncansheila@example.com,484-343-8883
Eric Santana,guillaumebisson@example.org,838-837-7141
Jordan Reed,watkinsshelley@example.net,919-170-5022
David Dion-Tremblay,heatherbaker@example.org,508-249-1457
Douglas Davis,zsmith@example.org,00000000000000
Jeffrey,harveyrandall@example.com,457-031-3052
Anthony Hernandez,labbewilliam@example.net,689-983-3774
Beverly Clark,brittanyjones@example.com,285-895-9187
Johnny Salinas@#$,cameron41@example.com,413-074-2443
Gilbert Tremblay,christinesavard@example.com,353-190-5149
Michèle Lavigne,ylaroche@example.net,765-758-9758
Melissa Washington,amanda12@example.com,375-261-6678
Sébastien Létourneau,timothee60@example.org,00000000000000
Brandon Martinez,jessicajean@example.com,462-094-9876
Erik Garcia,pelletiertheodore@example.org,357-698-7679
Mathew Lambert,martinezsuzanne@example.org,338-082-3148
Grace Ibarra,renee85@example.com,273-321-3248
Benoît Larocque,pattydodson@example.com,683-554-9238
Michèle Boucher,johnstonkristen@example.org,abcd-efg-hijk
William Russell,robinsontrevor@example.com,332-304-3612
Michael Graves,baldwinwanda@example.org,374-611-1671
Christopher Murphy,ypeck@example.com,268-468-1749
Luc Tessier@#$,ricardoscott@example.com,531-661-2571
Denise Dupont,aracine@example.com,912-890-1512
Roger Desjardins,Kevin@,994-582-9319
Sébastien St-Jean,steven93@example.org,468-999-9165
Jeffrey Pittman,lariviereflorence@example.net,748-419-2407
Vincent Maltais-Guay,michaelharris@example.net,257-232-6679
Marcelle-Astrid Bolduc,bruce14@example.net,137-800-7445
René Richer,kelly22@example.org,342-593-2983
Nathan Laliberté,gardnernina@example.com,00000000000000
Éléonore Boucher,iferland@example.com,481-688-5504
Tristan-Tristan Fortin,nvezina@example.org,854-331-6008
Trevor Snyder,gilbertandrea@example.com,497-396-2890
Juliette Larose,gabrieltheriault@example.org,646-811-5967
Lauren Valencia,bentondaniel@example.net,774-410-0722
Marissa Lynn,ronald74@example.org,545-587-3526
Thomas Gray,andre37@example.org,213-016-9471
Kathy Johnson,erinlogan@example.com,234-049-7526
Xavier Dubé-Laliberté,Tracy@,085-852-3537
Océane Vézina,gonzalezkevin@example.org,689-715-8018
Ms. Tina Byrd,mharris@example.net,132-295-9592
Agnès St-Onge,ethibodeau@example.com,046-598-8335
Gérard-Jonathan Séguin,marcouxclaudine@example.org,abcd-efg-hijk
Brian Parker,beth36@example.net,137-915-2844
Chantal Lapointe,annamayer@example.org,716-615-9204
Pam Harris,stevenscynthia@example.net,541-555-4437
Allison Hernandez,williamslogan@example.net,409-768-2368
Mindy Miller,frechettemartin@example.org,379-749-0360
Heidi Mclaughlin,fchandler@example.org,357-788-4948
Laura Nichols,turcotteaurelie@example.net,164-511-8545
Stephanie Johnson,arthur88@example.org,210-881-6984
Latasha Brown,alain58@example.net,253-755-7837
Élodie Lussier,huguesveilleux@example.org,00000000000000
Jordan Fischer,louis05@example.org,676-547-5398
Gabrielle Collins,joel31@example.org,211-207-2006
Christopher Hudson,kendraking@example.net,398-461-6401
Nancy Stone,brissonhortense@example.net,162-143-9090
Mrs. Amanda Byrd,frankevans@example.net,692-540-3660
Amy Nixon,oroy@example.net,839-185-3273
Christina Simpson,jessica34@example.org,258-006-2947
Brandon Valenzuela,brianwright@example.com,262-003-4522
Michael Rogers,pblankenship@example.com,421-594-9017
Sheri Valencia,michael15@example.net,420-685-4763
Emmanuelle Goulet,aurelie40@example.com,714-862-2633
Théodore Brunet,gsimmons@example.org,452-366-0326
Matthew Schmidt,brandon11@example.com,103-042-3462
Jacques Blanchette,bpicard@example.com,759-149-0594
Victor Lauzon,gilles87@example.org,361-428-6513
Jerry Palmer,colette78@example.com,378-010-1508
Brittany Johnson,johnmedina@example.org,816-022-4521
Alexandra Lavallée,xhart@example.org,917-244-6019
Patrick White,picardgeorges@example.org,646-704-6572
Noël,notanemail,123
Jeffery Kirby,esparzadonald@example.net,869-906-9476
Heidi Griffin,diazlauren@example.org,972-051-3391
Benjamin Laliberté,james79@example.org,019-617-1972
Latoya,benjamin23@example.com,537-999-5984
Kristi Miller,webstercharles@example.org,530-239-5388
Jacob Washington MD,eddiebrown@example.com,639-338-2841
Anaïs Séguin,bettystewart@example.org,493-203-9981
Émilie-Florence Veilleux,luc87@example.net,250-233-9255
Maurice Bélisle,maria18@example.net,00000000000000
Zachary Young,canderson@example.org,471-883-9587
Ashley Lee,mariannepaquin@example.net,840-336-0591
Mr. Tim Obrien,jmaddox@example.org,693-292-8019
April Nicholson,notanemail,496-282-5402
Jeannine Noël,alexandra72@example.net,386-060-1955
Nicolas Dubois,zachary04@example.org,825-316-3352
Andrea Parker,guydumas@example.org,600-280-0908
Joseph Bowman,spencerjohn@example.org,801-204-4803
Tristan Paré-Gagnon,vgregoire@example.net,845-080-7876
Scott Banks,greenheather@example.org,068-127-4439
Patrick Hamel,benjaminberube@example.org,027-237-8211
Jessica Bartlett DDS,elise55@example.com,378-371-7828
Madison Gonzales,liusteven@example.com,827-387-4157
George Hood,rogersamy@example.com,914-087-3378
David Smith,notanemail,695-955-1847
Jaclyn Cooper,noemie96@example.org,627-217-6638
Pénélope,notanemail,123
Rémy Giroux,bernardrenee@example.com,444-645-7157
Sébastien-Vincent Fournier,james69@example.net,352-153-0458
Paulette Durand,aaron93@example.net,955-609-8770
Bertrand Pépin,hugheskevin@example.org,482-516-9877
Heather Nelson,bradleymoore@example.org,755-361-7894
Kari Sanchez,hlong@example.net,273-800-3455
Alexandra Bélisle,vezinapauline@example.com,734-825-0283
Andrew Hicks,scloutier@example.net,831-855-0721
Caroline Gélinas-Simard,stephaniehoffman@example.org,812-564-3671
Amy Thompson,cohendeanna@example.com,664-699-7499
Olivia-Pénélope Jacques,blewis@example.com,721-270-1130
Catherine Charron,brandongallegos@example.com,638-852-5115
Nathan Bolduc,brian51@example.com,154-980-7885
Matthew Suarez,lisa42@example.net,155-940-5554
Carl Bradley,shafferjessica@example.net,abcd-efg-hijk
Jonathan Woods,levinecharles@example.net,017-865-3837
Phillip,fowlerdavid@example.net,497-293-8271
Maryse Poulin,maude09@example.net,343-481-5711
Cathy Klein,sletourneau@example.org,393-317-8873
Dr. Johnny Gonzalez MD,pguillemette@example.com,839-229-3407
Christina Bailey,foleymatthew@example.com,346-303-7272
Martine Provost-Simard,marcelbelisle@example.com,526-536-2769
Jon Alexander,paulward@example.org,701-127-3809
Heather Gregory,robert79@example.com,369-000-9248
Crystal Campbell,kstevens@example.net,996-551-5772
Isaac Becker,desrosiersthomas@example.com,351-470-7100
Annette Levy,luis48@example.net,125-756-8086
Randy Anderson,yhebert@example.org,803-026-5715
Joshua Brown,tdelacruz@example.net,625-261-8054
Andrée Renaud-Létourneau,roland04@example.org,569-430-5346
Daniel Lauzon,walkerjesse@example.com,abcd-efg-hijk
Kenneth Smith,bernardlabonte@example.net,260-073-9032
Felicia Watson,bruce91@example.net,151-474-1426
Pierre Laflamme,brian06@example.com,230-527-9195
Xavier Bélisle-Fournier,nicole68@example.org,823-493-2180
Brittany Anderson,emilie64@example.org,151-405-6224
Charles Houle,zmerritt@example.org,078-766-1677
Denis Rousseau,rdunlap@example.com,493-457-1929
Shannon Wilson,claudinegagnon@example.org,029-908-1407
Patricia Roth,emilie47@example.net,379-548-1273
Justin Hudson,vasquezmikayla@example.net,282-408-7468
Roger Martineau,jeffreygill@example.org,246-769-0967
Tom Schroeder,margaret26@example.com,897-011-2302
Alejandro Pope,ewingjeremy@example.org,308-533-3647
Cassandra Davis,marieforbes@example.com,899-092-6592
Stéphane Harvey,annegelinas@example.net,557-712-6832
Jessica-Vanessa Lapointe,scardenas@example.net,679-238-8563
Amanda Wallace,obrown@example.com,285-623-5191
Emmanuelle Smith,collin30@example.net,729-882-0099
Jennifer Duncan123,stevensonandrew@example.org,911-018-1683
Cassie Shah,katherinecarney@example.net,527-378-7921
Heather Medina,todd36@example.net,518-706-5242
